<wpml-config>
	<custom-types>
		<custom-type translate="1">product</custom-type>
		<custom-type translate="1">revslider</custom-type>
		<custom-type translate="1">layerslider</custom-type>
	</custom-types>
	<taxonomies>
        <taxonomy translate="1">product_cat</taxonomy>
    </taxonomies>
	<custom-fields>
		<custom-field action="translate">address</custom-field>
		<custom-field action="translate">address_title</custom-field>
		<custom-field action="translate">contact_form_title</custom-field>
		<custom-field action="translate">custom_page_title</custom-field>
		<custom-field action="translate">laborator_meta_description</custom-field>
		<custom-field action="translate">laborator_meta_keywords</custom-field>
		<custom-field action="translate">success_message</custom-field>
		<custom-field action="copy">apply_before_tax</custom-field>
		<custom-field action="copy">attribute_color</custom-field>
		<custom-field action="copy">attribute_size</custom-field>
		<custom-field action="copy">available_fields</custom-field>
		<custom-field action="copy">contact_page_blocks</custom-field>
		<custom-field action="copy">coupon_amount</custom-field>
		<custom-field action="copy">customer_email</custom-field>
		<custom-field action="copy">discount_type</custom-field>
		<custom-field action="copy">email_notifications</custom-field>
		<custom-field action="copy">enable_route_finder</custom-field>
		<custom-field action="copy">exclude_product_categories</custom-field>
		<custom-field action="copy">exclude_product_ids</custom-field>
		<custom-field action="copy">exclude_sale_items</custom-field>
		<custom-field action="copy">expiry_date</custom-field>
		<custom-field action="copy">free_shipping</custom-field>
		<custom-field action="copy">hide_on_screen</custom-field>
		<custom-field action="copy">individual_use</custom-field>
		<custom-field action="copy">laborator_meta_robots_follow</custom-field>
		<custom-field action="copy">laborator_meta_robots_index</custom-field>
		<custom-field action="copy">layout</custom-field>
		<custom-field action="copy">limit_usage_to_x_items</custom-field>
		<custom-field action="copy">map_allowed_map_types</custom-field>
		<custom-field action="copy">map_enable_type_switcher</custom-field>
		<custom-field action="copy">map_fourtyfive_degree</custom-field>
		<custom-field action="copy">map_location</custom-field>
		<custom-field action="copy">map_panby</custom-field>
		<custom-field action="copy">map_pin</custom-field>
		<custom-field action="copy">map_type</custom-field>
		<custom-field action="copy">map_zoom_level</custom-field>
		<custom-field action="copy">minimum_amount</custom-field>
		<custom-field action="copy">position</custom-field>
		<custom-field action="copy">required_fields</custom-field>
		<custom-field action="copy">revslider_id</custom-field>
		<custom-field action="copy">rule</custom-field>
		<custom-field action="copy">slide_template</custom-field>
		<custom-field action="copy">street_view_heading</custom-field>
		<custom-field action="copy">street_view_pitch</custom-field>
		<custom-field action="copy">total_sales</custom-field>
		<custom-field action="copy">usage_limit</custom-field>
		<custom-field action="copy">usage_limit_per_user</custom-field>
		<custom-field action="copy">_address</custom-field>
		<custom-field action="copy">_address_title</custom-field>
		<custom-field action="copy">_available_fields</custom-field>
		<custom-field action="copy">_backorders</custom-field>
		<custom-field action="copy">_billing_address_1</custom-field>
		<custom-field action="copy">_billing_address_2</custom-field>
		<custom-field action="copy">_billing_city</custom-field>
		<custom-field action="copy">_billing_company</custom-field>
		<custom-field action="copy">_billing_country</custom-field>
		<custom-field action="copy">_billing_email</custom-field>
		<custom-field action="copy">_billing_first_name</custom-field>
		<custom-field action="copy">_billing_last_name</custom-field>
		<custom-field action="copy">_billing_phone</custom-field>
		<custom-field action="copy">_billing_postcode</custom-field>
		<custom-field action="copy">_billing_state</custom-field>
		<custom-field action="copy">_cart_discount</custom-field>
		<custom-field action="copy">_contact_form_title</custom-field>
		<custom-field action="copy">_contact_page_blocks</custom-field>
		<custom-field action="copy">_crosssell_ids</custom-field>
		<custom-field action="copy">_customer_ip_address</custom-field>
		<custom-field action="copy">_customer_user</custom-field>
		<custom-field action="copy">_customer_user_agent</custom-field>
		<custom-field action="copy">_default_attributes</custom-field>
		<custom-field action="copy">_downloadable</custom-field>
		<custom-field action="copy">_downloadable_files</custom-field>
		<custom-field action="copy">_download_expiry</custom-field>
		<custom-field action="copy">_download_limit</custom-field>
		<custom-field action="copy">_email_notifications</custom-field>
		<custom-field action="copy">_enable_route_finder</custom-field>
		<custom-field action="copy">_featured</custom-field>
		<custom-field action="copy">_height</custom-field>
		<custom-field action="copy">_length</custom-field>
		<custom-field action="copy">_manage_stock</custom-field>
		<custom-field action="copy">_map_allowed_map_types</custom-field>
		<custom-field action="copy">_map_enable_type_switcher</custom-field>
		<custom-field action="copy">_map_fourtyfive_degree</custom-field>
		<custom-field action="copy">_map_location</custom-field>
		<custom-field action="copy">_map_panby</custom-field>
		<custom-field action="copy">_map_pin</custom-field>
		<custom-field action="copy">_map_type</custom-field>
		<custom-field action="copy">_map_zoom_level</custom-field>
		<custom-field action="copy">_max_price_variation_id</custom-field>
		<custom-field action="copy">_max_regular_price_variation_id</custom-field>
		<custom-field action="copy">_max_sale_price_variation_id</custom-field>
		<custom-field action="copy">_max_variation_price</custom-field>
		<custom-field action="copy">_max_variation_regular_price</custom-field>
		<custom-field action="copy">_max_variation_sale_price</custom-field>
		<custom-field action="copy">_menu_item_classes</custom-field>
		<custom-field action="copy">_menu_item_menu_item_parent</custom-field>
		<custom-field action="copy">_menu_item_object</custom-field>
		<custom-field action="copy">_menu_item_object_id</custom-field>
		<custom-field action="copy">_menu_item_orphaned</custom-field>
		<custom-field action="copy">_menu_item_target</custom-field>
		<custom-field action="copy">_menu_item_type</custom-field>
		<custom-field action="copy">_menu_item_url</custom-field>
		<custom-field action="copy">_menu_item_xfn</custom-field>
		<custom-field action="copy">_min_price_variation_id</custom-field>
		<custom-field action="copy">_min_regular_price_variation_id</custom-field>
		<custom-field action="copy">_min_sale_price_variation_id</custom-field>
		<custom-field action="copy">_min_variation_price</custom-field>
		<custom-field action="copy">_min_variation_regular_price</custom-field>
		<custom-field action="copy">_min_variation_sale_price</custom-field>
		<custom-field action="copy">_order_currency</custom-field>
		<custom-field action="copy">_order_discount</custom-field>
		<custom-field action="copy">_order_key</custom-field>
		<custom-field action="copy">_order_shipping</custom-field>
		<custom-field action="copy">_order_shipping_tax</custom-field>
		<custom-field action="copy">_order_tax</custom-field>
		<custom-field action="copy">_order_total</custom-field>
		<custom-field action="copy">_payment_method</custom-field>
		<custom-field action="copy">_payment_method_title</custom-field>
		<custom-field action="copy">_price</custom-field>
		<custom-field action="copy">_prices_include_tax</custom-field>
		<custom-field action="copy">_product_attributes</custom-field>
		<custom-field action="copy">_product_image_gallery</custom-field>
		<custom-field action="copy">_purchase_note</custom-field>
		<custom-field action="copy">_recorded_coupon_usage_counts</custom-field>
		<custom-field action="copy">_recorded_sales</custom-field>
		<custom-field action="copy">_regular_price</custom-field>
		<custom-field action="copy">_required_fields</custom-field>
		<custom-field action="copy">_revslider_id</custom-field>
		<custom-field action="copy">_sale_price</custom-field>
		<custom-field action="copy">_sale_price_dates_from</custom-field>
		<custom-field action="copy">_sale_price_dates_to</custom-field>
		<custom-field action="copy">_shipping_address_1</custom-field>
		<custom-field action="copy">_shipping_address_2</custom-field>
		<custom-field action="copy">_shipping_city</custom-field>
		<custom-field action="copy">_shipping_company</custom-field>
		<custom-field action="copy">_shipping_country</custom-field>
		<custom-field action="copy">_shipping_first_name</custom-field>
		<custom-field action="copy">_shipping_last_name</custom-field>
		<custom-field action="copy">_shipping_postcode</custom-field>
		<custom-field action="copy">_shipping_state</custom-field>
		<custom-field action="copy">_sku</custom-field>
		<custom-field action="copy">_sold_individually</custom-field>
		<custom-field action="copy">_stock</custom-field>
		<custom-field action="copy">_stock_status</custom-field>
		<custom-field action="copy">_street_view_heading</custom-field>
		<custom-field action="copy">_street_view_pitch</custom-field>
		<custom-field action="copy">_success_message</custom-field>
		<custom-field action="copy">_tax_class</custom-field>
		<custom-field action="copy">_tax_status</custom-field>
		<custom-field action="copy">_virtual</custom-field>
		<custom-field action="copy">_visibility</custom-field>
		<custom-field action="copy">_weight</custom-field>
		<custom-field action="copy">_width</custom-field>
		<custom-field action="copy">_wishlist_email</custom-field>
		<custom-field action="copy">_wishlist_first_name</custom-field>
		<custom-field action="copy">_wishlist_items</custom-field>
		<custom-field action="copy">_wishlist_last_name</custom-field>
		<custom-field action="copy">_wishlist_owner</custom-field>
		<custom-field action="copy">_wishlist_owner_notifications</custom-field>
		<custom-field action="copy">_wishlist_sharing</custom-field>
		<custom-field action="copy">_wishlist_sharing_key</custom-field>
		<custom-field action="copy">_wishlist_status</custom-field>
		<custom-field action="copy">_wishlist_subscribers</custom-field>
		<custom-field action="copy">_wishlist_type</custom-field>
		<custom-field action="copy">_wpb_shortcodes_custom_css</custom-field>
		<custom-field action="copy">_wpb_vc_js_interface_version</custom-field>
		<custom-field action="copy">_wpb_vc_js_status</custom-field>
		<custom-field action="copy">_wp_trash_meta_comments_status</custom-field>
		<custom-field action="copy">_wp_trash_meta_status</custom-field>
		<custom-field action="copy">_wp_trash_meta_time</custom-field>
		<custom-field action="ignore">post_slider_images</custom-field>
		<custom-field action="ignore">product_categories</custom-field>
		<custom-field action="ignore">product_ids</custom-field>
		<custom-field action="ignore">vc_teaser</custom-field>
	</custom-fields>
	<admin-texts>
		<key name="theme_mods_oxygen">
			<key name="logo_text" />
			<key name="footer_text" />
			<key name="footer_text_right" />
		</key>
	</admin-texts>
	<language-switcher-settings>
		<key name="icl_language_switcher_sidebar">1</key>
		<key name="icl_widget_title_show">1</key>
		<key name="icl_lang_sel_type">dropdown</key>
		<key name="icl_lso_link_empty">0</key>
		<key name="icl_lso_flags">1</key>
		<key name="icl_lso_native_lang">1</key>
		<key name="icl_lso_display_lang">0</key>
		<key name="icl_lang_sel_footer">0</key>
		<key name="icl_post_availability">1</key>
		<key name="icl_post_availability_position">below</key>
		<key name="icl_post_availability_text">This post is also available in: %s</key>
		</language-switcher-settings>
	</language-switcher-settings>
</wpml-config>